Altium Designer Pick and Place Locations
C:\Users\bruno\Documents\GitHub\ECE2500\OpenMEA\Headstage_Mainboard\Project Outputs\Pick Place\Pick Place for Headstage_Mainboard.csv

========================================================================================================================
File Design Information:

Date:       08/03/23
Time:       18:10
Revision:   1a751315ee1462419d991b1c235fb260b084fd75
Variant:    No variations
Units used: mm

"Designator","Comment","Description","Layer","Center-X(mm)","Center-Y(mm)","Rotation"
"J1","61302821121","THT Vertical Pin Header WR-PHD, Pitch 2.54 mm, Dual Row, 28 pins","BottomLayer","58.4200","129.5400","180"
"J2","1729128","PCB Terminal Block, 13.5 A, 400 V, 2-Pin THD, RoHS, Bulk","BottomLayer","6.3500","132.0800","0"
"J3","1729128","PCB Terminal Block, 13.5 A, 400 V, 2-Pin THD, RoHS, Bulk","BottomLayer","110.4900","132.0800","0"
"J4","Pogo_Pins_64_4","Pogo pins, 64 recording electrodes, 4 reference electrodes","TopLayer","58.4200","58.4200","0"
