Altium Designer Pick and Place Locations
C:\Users\bruno\Documents\GitHub\ECE2500\OpenMEA\Neural_Interface\Project Outputs\Pick Place\Pick Place for Neural_Interface.csv

========================================================================================================================
File Design Information:

Date:       08/03/23
Time:       18:36
Revision:   852d07a447d29a5732380d843619e4a5446c9469
Variant:    No variations
Units used: mm

"Designator","Comment","Description","Layer","Center-X(mm)","Center-Y(mm)","Rotation"
"C1","UMJ107BB7104KAHT","Multilayer Ceramic Capacitor 0.1uF 50V X7R 10% SMD 0603 T/R","TopLayer","17.6022","9.5250","180"
"C2","LMK107BJ106MALTD","CAP CER 10UF 10V X5R 0603","TopLayer","19.3040","11.0490","180"
"C3","UMJ107BB7104KAHT","Multilayer Ceramic Capacitor 0.1uF 50V X7R 10% SMD 0603 T/R","TopLayer","6.0960","10.9220","270"
"C4","UMJ107BB7104KAHT","Multilayer Ceramic Capacitor 0.1uF 50V X7R 10% SMD 0603 T/R","TopLayer","6.0960","7.8740","90"
"C5","GRM188R71H103KA01D","Chip Capacitor, 10 nF, +/- 10%, 50 V, -55 to 125 degC, 0603 (1608 Metric), RoHS, Tape and Reel","TopLayer","16.5100","6.0590","270"
"J1","KH-1.27PH180-1X18P-L7.2","1A Straight Square Pins 1mm 3.9mm -40?~+105? 1 18 2.3mm 1.27mm 1x18P Straight, P=1.27mm Pin Headers ROHS","BottomLayer","12.0650","15.6210","270"
"J2","KH-1.27PH180-1X12P-L7.2","1A Straight Square Pins 1mm 3.9mm -40?~+105? 1 2.3mm 12 1.27mm 1x12P Straight, P=1.27mm Pin Headers ROHS","BottomLayer","12.0650","1.3970","270"
"R1","RC0603FR-07100RL","Chip Resistor, 100 Ohm, +/- 1%, 0.1 W, -55 to 155 degC, 0603 (1608 Metric), RoHS, Tape and Reel","TopLayer","9.5250","3.0480","0"
"R2","RC0603FR-07100RL","Chip Resistor, 100 Ohm, +/- 1%, 0.1 W, -55 to 155 degC, 0603 (1608 Metric), RoHS, Tape and Reel","TopLayer","14.8590","3.0480","0"
"R3","RC0603JR-070RL","Chip Resistor, 0 Ohm, +/- 5%, 0.1 W, -55 to 155 degC, 0603 (1608 Metric), RoHS, Tape and Reel","TopLayer","18.2880","7.2560","90"
"R4","RC0603FR-07100RL","Chip Resistor, 100 Ohm, +/- 1%, 0.1 W, -55 to 155 degC, 0603 (1608 Metric), RoHS, Tape and Reel","TopLayer","12.1920","3.0480","0"
"R5","RC0603JR-070RL","Chip Resistor, 0 Ohm, +/- 5%, 0.1 W, -55 to 155 degC, 0603 (1608 Metric), RoHS, Tape and Reel","TopLayer","4.6990","11.9380","90"
"R6","RC0603JR-070RL","Chip Resistor, 0 Ohm, +/- 5%, 0.1 W, -55 to 155 degC, 0603 (1608 Metric), RoHS, Tape and Reel","TopLayer","18.2880","5.8050","90"
"U1","Intan Technologies RHS2116 chip","","TopLayer","11.6050","9.5250","0"
