Designator,Comment,Description,Footprint,Quantity,Manufacturer,Manufacturer 1,Manufacturer Part Number,Manufacturer Part Number 1

"C1, C3, C4","UMJ107BB7104KAHT","Multilayer Ceramic Capacitor 0.1uF 50V X7R 10% SMD 0603 T/R","FP-0603-L_1_6_0_2-W_0_8_0-IPC_B","3","","Taiyo Yuden","","UMJ107BB7104KAHT"
"C2","LMK107BJ106MALTD","CAP CER 10UF 10V X5R 0603","FP-LMK107BJ106MALTD-IPC_B","1","","Taiyo Yuden","","LMK107BJ106MALTD"
"C5","GRM188R71H103KA01D","Chip Capacitor, 10 nF, +/- 10%, 50 V, -55 to 125 degC, 0603 (1608 Metric), RoHS, Tape and Reel","CAPC1608X90X35ML10T15","1","Murata","Murata","","GRM188R71H103KA01D"
"J1","KH-1.27PH180-1X18P-L7.2","1A Straight Square Pins 1mm 3.9mm -40?~+105? 1 18 2.3mm 1.27mm 1x18P Straight, P=1.27mm Pin Headers ROHS","KH-1.27PH180-1X18P-L7.2","1","","Shenzhen Kinghelm Elec","","KH-1.27PH180-1X18P-L7.2"
"J2","KH-1.27PH180-1X12P-L7.2","1A Straight Square Pins 1mm 3.9mm -40?~+105? 1 2.3mm 12 1.27mm 1x12P Straight, P=1.27mm Pin Headers ROHS","KH-1.27PH180-1X12P-L7.2","1","","Shenzhen Kinghelm Elec","","KH-1.27PH180-1X12P-L7.2"
"R1, R2, R4","RC0603FR-07100RL","Chip Resistor, 100 Ohm, +/- 1%, 0.1 W, -55 to 155 degC, 0603 (1608 Metric), RoHS, Tape and Reel","RESC1608X55X25ML10T15","3","Yageo","Yageo","","RC0603FR-07100RL"
"R3, R5, R6","RC0603JR-070RL","Chip Resistor, 0 Ohm, +/- 5%, 0.1 W, -55 to 155 degC, 0603 (1608 Metric), RoHS, Tape and Reel","RESC1608X55X25ML10T15","3","Yageo","Yageo","","RC0603JR-070RL"
"U1","Intan Technologies RHS2116 chip","","QFN44_7_X_7","1","Intan Technologies","","RHS2116",""
