Designator,Comment,Description,Footprint,Quantity,Manufacturer,Manufacturer 1,Manufacturer Part Number,Manufacturer Part Number 1

"C1, C7","CC0805KKX7R7BB105","CAP CER 1UF 16V X7R 0805","FP-CC0805-0_85-MFG","2","Yageo","Yageo","CC0805KKX7R7BB105","CC0805KKX7R7BB105"
"C2, C8","100uF","CAP ALUM 100UF 20% 35V SMD","CAP_EEFK_D","2","Panasonic Electronic Components","Panasonic","EEE-FT1V101AP","EEEFT1V101AP"
"C3, C6","CL21B103KBANNNC","Multilayer Ceramic Capacitor, 10 nF, 50 V, -55 to 125 degC, 2-Pin SMD, RoHS, Tape and Reel","CAPC2013X75X45LL10T25","2","Samsung Electro-Mechanics","Samsung","","CL21B103KBANNNC"
"C4, C5, C9","10uF","CAP 10UF","C0805","3","Samsung Electro-Mechanics","Samsung","CL21A106KAYNNNE","CL21A106KAYNNNE"
"C10","GRM21BR71H104KA01L","Chip Capacitor, 0.1 uF, +/- 10%, 50 V, -55 to 125 degC, 0805 (2012 Metric), RoHS, Tape and Reel","CAPC2013X135X45ML10T25","1","Murata","Murata","","GRM21BR71H104KA01L"
"P1","Header 8","Header, 8-Pin","TE_5-535541-6","1","TE Connectivity AMP Connectors","TE Connectivity","5-535541-6","5-535541-6"
"P2, P4","Header 4","Header, 4-Pin","OSTVN04A150","2","On Shore Technology Inc.","On-Shore Technology","OSTVN04A150","OSTVN04A150"
"P3","PWR2.1MM","PJ-002AH","POWER2.1MM","1","CUI","CUI Devices","PJ-002AH","PJ-002AH"
"R1, R2","100KR","CRCW0805100KFKEA","R0805","2","Vishay Dale","","CRCW0805100KFKEA",""
"U1","3.3V","LM1085ISX-3.3/NOPB","LM1085","1","TI National Semiconductor","TI National Semiconductor","LM1085ISX-3.3/NOPB","LM1085ISX-3.3/NOPB"
"U2","Part Number: ltc3260ide","IC REG CHARGE PUMP INV 14DFN","DFN-14_DE","1","Linear Technology/Analog Devices","Analog Devices / Linear Technology","LTC3260EDE#TRPBF","LTC3260EDE#TRPBF"
"VR1, VR2, VR3","Tunable 1M Max","TRIMMER 1M OHM 0.25W J LEAD TOP","res_var_5turn","3","Nidec Copal","Nidec Copal","SM-42TW105","SM-42TW105"
