Altium Designer Pick and Place Locations
C:\Users\bruno\Documents\GitHub\ECE2500\OpenMEA\Power\Project Outputs\Pick Place\Pick Place for Power.csv

========================================================================================================================
File Design Information:

Date:       08/03/23
Time:       18:47
Revision:   1928f1cc81d2e81c2fc0793c43a8d13e40c2fe22
Variant:    No variations
Units used: mm

"Designator","Comment","Description","Layer","Center-X(mm)","Center-Y(mm)","Rotation"
"C1","CC0805KKX7R7BB105","CAP CER 1UF 16V X7R 0805","TopLayer","20.6834","32.4000","90"
"C2","100uF","CAP ALUM 100UF 20% 35V SMD","TopLayer","8.6834","17.9087","90"
"C3","CL21B103KBANNNC","Multilayer Ceramic Capacitor, 10 nF, 50 V, -55 to 125 degC, 2-Pin SMD, RoHS, Tape and Reel","TopLayer","24.9800","17.5300","180"
"C4","10uF","CAP 10UF","TopLayer","30.6834","24.9504","270"
"C5","10uF","CAP 10UF","TopLayer","20.6834","24.9504","270"
"C6","CL21B103KBANNNC","Multilayer Ceramic Capacitor, 10 nF, 50 V, -55 to 125 degC, 2-Pin SMD, RoHS, Tape and Reel","TopLayer","30.3400","20.4700","90"
"C7","CC0805KKX7R7BB105","CAP CER 1UF 16V X7R 0805","TopLayer","25.7300","28.0004","0"
"C8","100uF","CAP ALUM 100UF 20% 35V SMD","TopLayer","36.6834","28.6587","270"
"C9","10uF","CAP 10UF","TopLayer","17.6834","4.9500","90"
"C10","GRM21BR71H104KA01L","Chip Capacitor, 0.1 uF, +/- 10%, 50 V, -55 to 125 degC, 0805 (2012 Metric), RoHS, Tape and Reel","TopLayer","14.6834","5.0000","90"
"P1","Header 8","Header, 8-Pin","TopLayer","35.7930","8.0004","180"
"P2","Header 4","Header, 4-Pin","TopLayer","43.0000","18.2600","90"
"P3","PWR2.1MM","PJ-002AH","TopLayer","13.3190","41.7250","90"
"P4","Header 4","Header, 4-Pin","TopLayer","6.4930","5.0004","0"
"R1","100KR","CRCW0805100KFKEA","TopLayer","20.6834","17.4504","90"
"R2","100KR","CRCW0805100KFKEA","TopLayer","35.2334","15.0004","180"
"U1","3.3V","LM1085ISX-3.3/NOPB","TopLayer","7.9584","31.0004","270"
"U2","Part Number: ltc3260ide","IC REG CHARGE PUMP INV 14DFN","TopLayer","25.6834","22.0004","180"
"VR1","Tunable 1M Max","TRIMMER 1M OHM 0.25W J LEAD TOP","TopLayer","16.4134","19.9504","0"
"VR2","Tunable 1M Max","TRIMMER 1M OHM 0.25W J LEAD TOP","TopLayer","29.9534","15.0504","180"
"VR3","Tunable 1M Max","TRIMMER 1M OHM 0.25W J LEAD TOP","TopLayer","35.9534","19.5504","180"
